hour_of_day;cash_type;money;coffee_name;Time_of_Day;Weekday;Month_name;Weekdaysort;Monthsort;Date;Time
13;card;28.9;Americano;Afternoon;Fri;Mar;5;3;2024-03-01;13:46:33.006000
10;card;28.9;Americano;Morning;Sat;Mar;6;3;2024-03-02;10:22:06.957000
14;card;28.9;Americano;Afternoon;Sat;Mar;6;3;2024-03-02;14:38:35.535000
17;card;28.9;Americano;Night;Sat;Mar;6;3;2024-03-02;17:34:54.969000
12;card;28.9;Americano;Afternoon;Sun;Mar;7;3;2024-03-03;12:26:56.098000
13;card;28.9;Americano;Afternoon;Wed;Mar;3;3;2024-03-06;13:24:07.667000
15;card;28.9;Americano;Afternoon;Thu;Mar;4;3;2024-03-07;15:40:22.606000
13;card;28.9;Americano;Afternoon;Fri;Mar;5;3;2024-03-08;13:53:02.042000
14;card;28.9;Americano;Afternoon;Fri;Mar;5;3;2024-03-08;14:44:12.686000
14;card;28.9;Americano;Afternoon;Fri;Mar;5;3;2024-03-08;14:45:11.048000
12;card;28.9;Americano;Afternoon;Sat;Mar;6;3;2024-03-09;12:07:38.275000
12;card;28.9;Americano;Afternoon;Sat;Mar;6;3;2024-03-09;12:13:03.521000
12;card;28.9;Americano;Afternoon;Sat;Mar;6;3;2024-03-09;12:14:26.458000
16;card;28.9;Americano;Afternoon;Mon;Mar;1;3;2024-03-11;16:24:26.401000
10;card;28.9;Americano;Morning;Tue;Mar;2;3;2024-03-12;10:15:34.543000
12;card;28.9;Americano;Afternoon;Tue;Mar;2;3;2024-03-12;12:47:26.027000
16;card;28.9;Americano;Afternoon;Tue;Mar;2;3;2024-03-12;16:15:43.325000
11;card;28.9;Americano;Morning;Wed;Mar;3;3;2024-03-13;11:48:16.753000
12;card;28.9;Americano;Afternoon;Wed;Mar;3;3;2024-03-13;12:18:06.336000
12;card;28.9;Americano;Afternoon;Wed;Mar;3;3;2024-03-13;12:19:05.128000
13;card;28.9;Americano;Afternoon;Thu;Mar;4;3;2024-03-14;13:28:24.527000
18;card;28.9;Americano;Night;Fri;Mar;5;3;2024-03-15;18:19:27.922000
12;card;28.9;Americano;Afternoon;Sat;Mar;6;3;2024-03-16;12:07:53.915000
15;card;28.9;Americano;Afternoon;Mon;Mar;1;3;2024-03-18;15:31:39.725000
15;card;28.9;Americano;Afternoon;Mon;Mar;1;3;2024-03-18;15:32:38.239000
15;card;28.9;Americano;Afternoon;Mon;Mar;1;3;2024-03-18;15:33:36.708000
17;card;28.9;Americano;Night;Fri;Mar;5;3;2024-03-22;17:17:03.724000
17;card;28.9;Americano;Night;Fri;Mar;5;3;2024-03-22;17:20:49.490000
13;card;28.9;Americano;Afternoon;Tue;Mar;2;3;2024-03-26;13:35:52.773000
13;card;28.9;Americano;Afternoon;Tue;Mar;2;3;2024-03-26;13:57:53.677000
14;card;28.9;Americano;Afternoon;Wed;Mar;3;3;2024-03-27;14:23:35.380000
17;card;28.9;Americano;Night;Thu;Mar;4;3;2024-03-28;17:27:05.304000
10;card;28.9;Americano;Morning;Mon;Apr;1;4;2024-04-01;10:28:47.601000
16;card;28.9;Americano;Afternoon;Tue;Apr;2;4;2024-04-02;16:18:34.169000
10;card;28.9;Americano;Morning;Wed;Apr;3;4;2024-04-03;10:20:07.655000
10;card;28.9;Americano;Morning;Fri;Apr;5;4;2024-04-05;10:40:42.728000
10;card;28.9;Americano;Morning;Fri;Apr;5;4;2024-04-05;10:42:06.204000
14;card;28.9;Americano;Afternoon;Sat;Apr;6;4;2024-04-06;14:14:27.029000
11;card;28.9;Americano;Morning;Mon;Apr;1;4;2024-04-08;11:01:20.464000
18;card;28.9;Americano;Night;Mon;Apr;1;4;2024-04-08;18:18:09.713000
10;card;28.9;Americano;Morning;Thu;Apr;4;4;2024-04-11;10:41:23.155000
10;card;28.9;Americano;Morning;Thu;Apr;4;4;2024-04-11;10:42:59.365000
12;card;28.9;Americano;Afternoon;Sat;Apr;6;4;2024-04-13;12:43:02.389000
14;card;28.9;Americano;Afternoon;Sun;Apr;7;4;2024-04-14;14:23:31.631000
14;card;28.9;Americano;Afternoon;Sun;Apr;7;4;2024-04-14;14:24:26.930000
14;card;28.9;Americano;Afternoon;Sun;Apr;7;4;2024-04-14;14:25:18.122000
11;card;28.9;Americano;Morning;Mon;Apr;1;4;2024-04-15;11:45:24.619000
17;card;28.9;Americano;Night;Mon;Apr;1;4;2024-04-15;17:01:46.359000
15;card;28.9;Americano;Afternoon;Tue;Apr;2;4;2024-04-16;15:03:16.889000
13;card;28.9;Americano;Afternoon;Wed;Apr;3;4;2024-04-17;13:32:59.792000
11;card;28.9;Americano;Morning;Thu;Apr;4;4;2024-04-18;11:19:01.693000
11;card;28.9;Americano;Morning;Thu;Apr;4;4;2024-04-18;11:20:05.696000
13;card;28.9;Americano;Afternoon;Sat;Apr;6;4;2024-04-20;13:08:37.378000
14;card;27.92;Americano;Afternoon;Sun;Apr;7;4;2024-04-21;14:15:37.541000
11;card;27.92;Americano;Morning;Mon;Apr;1;4;2024-04-22;11:09:16.412000
10;card;27.92;Americano;Morning;Thu;Apr;4;4;2024-04-25;10:46:08.057000
17;card;27.92;Americano;Night;Thu;Apr;4;4;2024-04-25;17:09:43.534000
17;card;27.92;Americano;Night;Thu;Apr;4;4;2024-04-25;17:10:49.153000
15;card;27.92;Americano;Afternoon;Fri;Apr;5;4;2024-04-26;15:32:35.390000
15;card;27.92;Americano;Afternoon;Fri;Apr;5;4;2024-04-26;15:33:33.132000
16;card;27.92;Americano;Afternoon;Fri;Apr;5;4;2024-04-26;16:24:33.800000
18;card;27.92;Americano;Night;Sun;Apr;7;4;2024-04-28;18:27:08.230000
18;card;27.92;Americano;Night;Sun;Apr;7;4;2024-04-28;18:28:11.411000
13;card;27.92;Americano;Afternoon;Mon;Apr;1;4;2024-04-29;13:27:56.949000
13;card;27.92;Americano;Afternoon;Tue;Apr;2;4;2024-04-30;13:41:52.325000
10;card;27.92;Americano;Morning;Thu;May;4;5;2024-05-02;10:33:55.746000
10;card;27.92;Americano;Morning;Mon;May;1;5;2024-05-06;10:05:17.920000
10;card;27.92;Americano;Morning;Mon;May;1;5;2024-05-06;10:09:07.977000
13;card;27.92;Americano;Afternoon;Mon;May;1;5;2024-05-06;13:19:00.811000
16;card;27.92;Americano;Afternoon;Tue;May;2;5;2024-05-07;16:55:38.805000
13;card;27.92;Americano;Afternoon;Thu;May;4;5;2024-05-09;13:03:58.556000
16;card;27.92;Americano;Afternoon;Thu;May;4;5;2024-05-09;16:55:14.601000
16;card;27.92;Americano;Afternoon;Thu;May;4;5;2024-05-09;16:56:14.989000
18;card;27.92;Americano;Night;Thu;May;4;5;2024-05-09;18:01:29.895000
13;card;27.92;Americano;Afternoon;Sun;May;7;5;2024-05-12;13:27:39.043000
8;card;27.92;Americano;Morning;Tue;May;2;5;2024-05-14;08:38:14.581000
8;card;27.92;Americano;Morning;Tue;May;2;5;2024-05-14;08:39:25.455000
8;card;27.92;Americano;Morning;Tue;May;2;5;2024-05-14;08:40:17.484000
15;card;27.92;Americano;Afternoon;Tue;May;2;5;2024-05-14;15:01:54.785000
11;card;27.92;Americano;Morning;Wed;May;3;5;2024-05-15;11:19:10.049000
13;card;27.92;Americano;Afternoon;Wed;May;3;5;2024-05-15;13:34:35.102000
13;card;27.92;Americano;Afternoon;Wed;May;3;5;2024-05-15;13:35:29.171000
13;card;27.92;Americano;Afternoon;Wed;May;3;5;2024-05-15;13:36:27.339000
9;card;27.92;Americano;Morning;Fri;May;5;5;2024-05-17;09:00:48.456000
22;card;27.92;Americano;Night;Fri;May;5;5;2024-05-17;22:34:50.797000
7;card;27.92;Americano;Morning;Sun;May;7;5;2024-05-19;07:58:38.312000
7;card;27.92;Americano;Morning;Sun;May;7;5;2024-05-19;07:59:33.549000
14;card;27.92;Americano;Afternoon;Sun;May;7;5;2024-05-19;14:43:40.049000
11;card;27.92;Americano;Morning;Mon;May;1;5;2024-05-20;11:15:16.363000
11;card;27.92;Americano;Morning;Mon;May;1;5;2024-05-20;11:16:19.637000
13;card;27.92;Americano;Afternoon;Mon;May;1;5;2024-05-20;13:27:13.420000
13;card;27.92;Americano;Afternoon;Mon;May;1;5;2024-05-20;13:28:10.440000
12;card;27.92;Americano;Afternoon;Wed;May;3;5;2024-05-22;12:29:50.841000
12;card;27.92;Americano;Afternoon;Wed;May;3;5;2024-05-22;12:30:43.347000
11;card;27.92;Americano;Morning;Fri;May;5;5;2024-05-24;11:15:08.341000
11;card;27.92;Americano;Morning;Fri;May;5;5;2024-05-24;11:16:13.016000
16;card;27.92;Americano;Afternoon;Sat;May;6;5;2024-05-25;16:48:16.834000
18;card;27.92;Americano;Night;Sun;May;7;5;2024-05-26;18:13:14.299000
11;card;27.92;Americano;Morning;Mon;May;1;5;2024-05-27;11:34:55.252000
15;card;27.92;Americano;Afternoon;Mon;May;1;5;2024-05-27;15:11:34.061000
15;card;27.92;Americano;Afternoon;Mon;May;1;5;2024-05-27;15:14:05.788000
18;card;27.92;Americano;Night;Mon;May;1;5;2024-05-27;18:00:50.983000
19;card;27.92;Americano;Night;Tue;May;2;5;2024-05-28;19:09:29.069000
20;card;27.92;Americano;Night;Tue;May;2;5;2024-05-28;20:50:19.449000
15;card;27.92;Americano;Afternoon;Wed;May;3;5;2024-05-29;15:10:48.545000
9;card;27.92;Americano;Morning;Wed;Jun;3;6;2024-06-05;09:22:43.108000
12;card;27.92;Americano;Afternoon;Thu;Jun;4;6;2024-06-06;12:17:41.474000
21;card;27.92;Americano;Night;Sun;Jun;7;6;2024-06-09;21:05:08.844000
8;card;27.92;Americano;Morning;Thu;Jun;4;6;2024-06-13;08:54:24.207000
10;card;27.92;Americano;Morning;Fri;Jun;5;6;2024-06-14;10:30:31.584000
18;card;27.92;Americano;Night;Sat;Jun;6;6;2024-06-15;18:14:04.623000
8;card;27.92;Americano;Morning;Mon;Jun;1;6;2024-06-17;08:57:24.044000
16;card;27.92;Americano;Afternoon;Mon;Jun;1;6;2024-06-17;16:52:36.336000
18;card;27.92;Americano;Night;Mon;Jun;1;6;2024-06-17;18:51:19.631000
14;card;27.92;Americano;Afternoon;Tue;Jun;2;6;2024-06-18;14:04:06.125000
10;card;27.92;Americano;Morning;Wed;Jun;3;6;2024-06-19;10:54:00.492000
10;card;27.92;Americano;Morning;Fri;Jun;5;6;2024-06-21;10:01:40.183000
19;card;27.92;Americano;Night;Fri;Jun;5;6;2024-06-21;19:52:18.775000
16;card;27.92;Americano;Afternoon;Wed;Jun;3;6;2024-06-26;16:34:01.607000
10;card;27.92;Americano;Morning;Tue;Jul;2;7;2024-07-02;10:45:00.617000
14;card;27.92;Americano;Afternoon;Tue;Jul;2;7;2024-07-02;14:03:13.231000
10;card;27.92;Americano;Morning;Thu;Jul;4;7;2024-07-04;10:27:30.261000
19;card;27.92;Americano;Night;Fri;Jul;5;7;2024-07-05;19:55:07.812000
22;card;27.92;Americano;Night;Fri;Jul;5;7;2024-07-05;22:18:03.324000
22;card;27.92;Americano;Night;Fri;Jul;5;7;2024-07-05;22:18:56.945000
12;card;23.02;Americano;Afternoon;Mon;Jul;1;7;2024-07-08;12:02:50.421000
14;card;23.02;Americano;Afternoon;Mon;Jul;1;7;2024-07-08;14:40:24.350000
11;card;23.02;Americano;Morning;Wed;Jul;3;7;2024-07-10;11:10:41.690000
22;card;23.02;Americano;Night;Thu;Jul;4;7;2024-07-11;22:30:58.541000
10;card;23.02;Americano;Morning;Sun;Jul;7;7;2024-07-14;10:54:24.307000
11;card;23.02;Americano;Morning;Sun;Jul;7;7;2024-07-14;11:02:11.798000
11;card;23.02;Americano;Morning;Thu;Jul;4;7;2024-07-18;11:32:59.624000
11;card;23.02;Americano;Morning;Thu;Jul;4;7;2024-07-18;11:34:48.437000
11;card;23.02;Americano;Morning;Fri;Jul;5;7;2024-07-19;11:03:02.341000
8;card;23.02;Americano;Morning;Sat;Jul;6;7;2024-07-20;08:05:44.469000
8;card;23.02;Americano;Morning;Sat;Jul;6;7;2024-07-20;08:07:51.433000
10;card;23.02;Americano;Morning;Sat;Jul;6;7;2024-07-20;10:39:21.044000
8;card;23.02;Americano;Morning;Mon;Jul;1;7;2024-07-22;08:13:23.147000
8;card;23.02;Americano;Morning;Mon;Jul;1;7;2024-07-22;08:40:49.554000
8;card;23.02;Americano;Morning;Tue;Jul;2;7;2024-07-23;08:40:18.981000
9;card;23.02;Americano;Morning;Tue;Jul;2;7;2024-07-23;09:01:45.707000
21;card;23.02;Americano;Night;Tue;Jul;2;7;2024-07-23;21:23:13.501000
21;card;23.02;Americano;Night;Tue;Jul;2;7;2024-07-23;21:24:22.609000
21;card;23.02;Americano;Night;Wed;Jul;3;7;2024-07-24;21:18:41.294000
21;card;23.02;Americano;Night;Wed;Jul;3;7;2024-07-24;21:25:17.493000
7;card;23.02;Americano;Morning;Thu;Jul;4;7;2024-07-25;07:54:47.935000
11;card;23.02;Americano;Morning;Thu;Jul;4;7;2024-07-25;11:26:04.701000
17;card;23.02;Americano;Night;Fri;Jul;5;7;2024-07-26;17:23:29.347000
9;card;23.02;Americano;Morning;Mon;Jul;1;7;2024-07-29;09:04:47.972000
9;card;23.02;Americano;Morning;Mon;Jul;1;7;2024-07-29;09:19:44.082000
19;card;23.02;Americano;Night;Mon;Jul;1;7;2024-07-29;19:30:16.319000
11;card;23.02;Americano;Morning;Tue;Jul;2;7;2024-07-30;11:12:07.359000
22;card;23.02;Americano;Night;Tue;Jul;2;7;2024-07-30;22:15:21.484000
9;card;23.02;Americano;Morning;Wed;Jul;3;7;2024-07-31;09:54:45.315000
9;card;23.02;Americano;Morning;Wed;Jul;3;7;2024-07-31;09:55:45.142000
16;card;23.02;Americano;Afternoon;Thu;Aug;4;8;2024-08-01;16:26:07.331000
17;card;23.02;Americano;Night;Thu;Aug;4;8;2024-08-01;17:23:35.238000
12;card;23.02;Americano;Afternoon;Wed;Aug;3;8;2024-08-07;12:12:26.800000
12;card;23.02;Americano;Afternoon;Wed;Aug;3;8;2024-08-07;12:13:40.664000
16;card;23.02;Americano;Afternoon;Wed;Aug;3;8;2024-08-07;16:19:01.657000
9;card;23.02;Americano;Morning;Fri;Aug;5;8;2024-08-09;09:53:34.553000
11;card;23.02;Americano;Morning;Fri;Aug;5;8;2024-08-09;11:29:48.682000
18;card;23.02;Americano;Night;Fri;Aug;5;8;2024-08-09;18:56:27.712000
11;card;23.02;Americano;Morning;Sat;Aug;6;8;2024-08-10;11:54:23.534000
11;card;23.02;Americano;Morning;Mon;Aug;1;8;2024-08-12;11:19:29.513000
12;card;23.02;Americano;Afternoon;Wed;Aug;3;8;2024-08-14;12:49:16.951000
12;card;23.02;Americano;Afternoon;Wed;Aug;3;8;2024-08-14;12:51:04.870000
17;card;23.02;Americano;Night;Wed;Aug;3;8;2024-08-14;17:24:22.788000
14;card;23.02;Americano;Afternoon;Thu;Aug;4;8;2024-08-15;14:17:48.183000
19;card;23.02;Americano;Night;Thu;Aug;4;8;2024-08-15;19:42:37.987000
12;card;23.02;Americano;Afternoon;Fri;Aug;5;8;2024-08-16;12:54:17.452000
18;card;23.02;Americano;Night;Sun;Aug;7;8;2024-08-18;18:27:17.553000
18;card;23.02;Americano;Night;Sun;Aug;7;8;2024-08-18;18:28:13.069000
11;card;23.02;Americano;Morning;Tue;Aug;2;8;2024-08-20;11:09:55.575000
11;card;23.02;Americano;Morning;Tue;Aug;2;8;2024-08-20;11:11:39.083000
11;card;23.02;Americano;Morning;Tue;Aug;2;8;2024-08-20;11:12:31.181000
10;card;23.02;Americano;Morning;Wed;Aug;3;8;2024-08-21;10:13:32.404000
15;card;23.02;Americano;Afternoon;Thu;Aug;4;8;2024-08-22;15:27:27.317000
8;card;23.02;Americano;Morning;Fri;Aug;5;8;2024-08-23;08:33:38.712000
8;card;23.02;Americano;Morning;Fri;Aug;5;8;2024-08-23;08:34:35.002000
10;card;23.02;Americano;Morning;Fri;Aug;5;8;2024-08-23;10:11:55.469000
13;card;23.02;Americano;Afternoon;Fri;Aug;5;8;2024-08-23;13:24:54.748000
15;card;23.02;Americano;Afternoon;Fri;Aug;5;8;2024-08-23;15:28:52.779000
10;card;23.02;Americano;Morning;Sat;Aug;6;8;2024-08-24;10:19:49.243000
8;card;23.02;Americano;Morning;Sun;Aug;7;8;2024-08-25;08:26:27.671000
8;card;23.02;Americano;Morning;Sun;Aug;7;8;2024-08-25;08:27:36.405000
8;card;23.02;Americano;Morning;Mon;Aug;1;8;2024-08-26;08:16:09.611000
8;card;23.02;Americano;Morning;Mon;Aug;1;8;2024-08-26;08:17:23.209000
12;card;23.02;Americano;Afternoon;Mon;Aug;1;8;2024-08-26;12:45:13.158000
12;card;23.02;Americano;Afternoon;Mon;Aug;1;8;2024-08-26;12:46:23.644000
12;card;23.02;Americano;Afternoon;Wed;Aug;3;8;2024-08-28;12:35:06.944000
7;card;23.02;Americano;Morning;Thu;Aug;4;8;2024-08-29;07:29:30.319000
12;card;23.02;Americano;Afternoon;Sun;Sep;7;9;2024-09-01;12:32:22.007000
20;card;23.02;Americano;Night;Mon;Sep;1;9;2024-09-02;20:52:31.984000
20;card;23.02;Americano;Night;Mon;Sep;1;9;2024-09-02;20:53:29.090000
11;card;23.02;Americano;Morning;Wed;Sep;3;9;2024-09-04;11:48:03.543000
11;card;23.02;Americano;Morning;Thu;Sep;4;9;2024-09-05;11:06:30.599000
16;card;23.02;Americano;Afternoon;Thu;Sep;4;9;2024-09-05;16:38:50.385000
20;card;23.02;Americano;Night;Thu;Sep;4;9;2024-09-05;20:54:24.429000
8;card;23.02;Americano;Morning;Fri;Sep;5;9;2024-09-06;08:54:41.950000
10;card;23.02;Americano;Morning;Sat;Sep;6;9;2024-09-07;10:22:44.518000
11;card;23.02;Americano;Morning;Sat;Sep;6;9;2024-09-07;11:20:00.022000
16;card;23.02;Americano;Afternoon;Sat;Sep;6;9;2024-09-07;16:20:01.025000
20;card;23.02;Americano;Night;Sun;Sep;7;9;2024-09-08;20:13:32.864000
15;card;23.02;Americano;Afternoon;Mon;Sep;1;9;2024-09-09;15:13:24.517000
21;card;23.02;Americano;Night;Tue;Sep;2;9;2024-09-10;21:30:27.036000
21;card;23.02;Americano;Night;Thu;Sep;4;9;2024-09-12;21:09:10.412000
13;card;23.02;Americano;Afternoon;Sun;Sep;7;9;2024-09-15;13:49:37.387000
12;card;23.02;Americano;Afternoon;Thu;Sep;4;9;2024-09-19;12:59:33.614000
20;card;23.02;Americano;Night;Fri;Sep;5;9;2024-09-20;20:39:23.129000
20;card;23.02;Americano;Night;Sat;Sep;6;9;2024-09-21;20:29:42.939000
20;card;23.02;Americano;Night;Sat;Sep;6;9;2024-09-21;20:30:38.882000
22;card;23.02;Americano;Night;Sat;Sep;6;9;2024-09-21;22:19:50.128000
22;card;23.02;Americano;Night;Sat;Sep;6;9;2024-09-21;22:20:48.360000
8;card;23.02;Americano;Morning;Sun;Sep;7;9;2024-09-22;08:32:54.172000
11;card;23.02;Americano;Morning;Sun;Sep;7;9;2024-09-22;11:55:12.923000
22;card;23.02;Americano;Night;Sun;Sep;7;9;2024-09-22;22:37:02.384000
12;card;23.02;Americano;Afternoon;Mon;Sep;1;9;2024-09-23;12:11:04.352000
18;card;23.02;Americano;Night;Mon;Sep;1;9;2024-09-23;18:48:30.436000
18;card;23.02;Americano;Night;Tue;Sep;2;9;2024-09-24;18:43:02.935000
18;card;23.02;Americano;Night;Tue;Sep;2;9;2024-09-24;18:43:54.082000
21;card;23.02;Americano;Night;Wed;Sep;3;9;2024-09-25;21:34:41.289000
13;card;23.02;Americano;Afternoon;Fri;Sep;5;9;2024-09-27;13:28:33.107000
10;card;25.96;Americano;Morning;Sun;Sep;7;9;2024-09-29;10:48:45.050000
14;card;25.96;Americano;Afternoon;Tue;Oct;2;10;2024-10-01;14:17:34.957000
16;card;25.96;Americano;Afternoon;Tue;Oct;2;10;2024-10-01;16:41:54.481000
8;card;25.96;Americano;Morning;Fri;Oct;5;10;2024-10-04;08:44:00.873000
8;card;25.96;Americano;Morning;Fri;Oct;5;10;2024-10-04;08:45:38.952000
9;card;25.96;Americano;Morning;Fri;Oct;5;10;2024-10-04;09:31:27.071000
20;card;25.96;Americano;Night;Sat;Oct;6;10;2024-10-05;20:08:38.058000
20;card;25.96;Americano;Night;Sat;Oct;6;10;2024-10-05;20:09:33.647000
13;card;25.96;Americano;Afternoon;Sun;Oct;7;10;2024-10-06;13:46:03.675000
14;card;25.96;Americano;Afternoon;Mon;Oct;1;10;2024-10-07;14:31:45.258000
14;card;25.96;Americano;Afternoon;Mon;Oct;1;10;2024-10-07;14:32:38.765000
10;card;25.96;Americano;Morning;Tue;Oct;2;10;2024-10-08;10:22:31.374000
12;card;25.96;Americano;Afternoon;Tue;Oct;2;10;2024-10-08;12:48:04.520000
12;card;25.96;Americano;Afternoon;Tue;Oct;2;10;2024-10-08;12:49:04.581000
15;card;25.96;Americano;Afternoon;Tue;Oct;2;10;2024-10-08;15:19:52.103000
11;card;25.96;Americano;Morning;Wed;Oct;3;10;2024-10-09;11:18:02.138000
17;card;25.96;Americano;Night;Wed;Oct;3;10;2024-10-09;17:27:48.880000
8;card;25.96;Americano;Morning;Thu;Oct;4;10;2024-10-10;08:48:06.900000
18;card;25.96;Americano;Night;Thu;Oct;4;10;2024-10-10;18:18:32.711000
10;card;25.96;Americano;Morning;Fri;Oct;5;10;2024-10-11;10:00:40.375000
10;card;25.96;Americano;Morning;Fri;Oct;5;10;2024-10-11;10:01:54.873000
13;card;25.96;Americano;Afternoon;Fri;Oct;5;10;2024-10-11;13:29:02.457000
13;card;25.96;Americano;Afternoon;Fri;Oct;5;10;2024-10-11;13:30:09.021000
14;card;25.96;Americano;Afternoon;Fri;Oct;5;10;2024-10-11;14:35:29.312000
11;card;25.96;Americano;Morning;Mon;Oct;1;10;2024-10-14;11:25:37.299000
11;card;25.96;Americano;Morning;Mon;Oct;1;10;2024-10-14;11:26:45.245000
16;card;25.96;Americano;Afternoon;Mon;Oct;1;10;2024-10-14;16:37:47.466000
15;card;25.96;Americano;Afternoon;Tue;Oct;2;10;2024-10-15;15:54:16.513000
19;card;25.96;Americano;Night;Tue;Oct;2;10;2024-10-15;19:22:21.379000
11;card;25.96;Americano;Morning;Wed;Oct;3;10;2024-10-16;11:49:44.633000
13;card;25.96;Americano;Afternoon;Wed;Oct;3;10;2024-10-16;13:20:10.470000
14;card;25.96;Americano;Afternoon;Thu;Oct;4;10;2024-10-17;14:34:42.598000
15;card;25.96;Americano;Afternoon;Fri;Oct;5;10;2024-10-18;15:39:19.970000
10;card;25.96;Americano;Morning;Mon;Oct;1;10;2024-10-21;10:25:09.344000
18;card;25.96;Americano;Night;Tue;Oct;2;10;2024-10-22;18:07:02.574000
12;card;25.96;Americano;Afternoon;Thu;Oct;4;10;2024-10-24;12:07:46.562000
18;card;25.96;Americano;Night;Thu;Oct;4;10;2024-10-24;18:53:47.318000
18;card;25.96;Americano;Night;Thu;Oct;4;10;2024-10-24;18:55:07.574000
20;card;25.96;Americano;Night;Thu;Oct;4;10;2024-10-24;20:44:11.476000
10;card;25.96;Americano;Morning;Fri;Oct;5;10;2024-10-25;10:03:28.304000
10;card;25.96;Americano;Morning;Fri;Oct;5;10;2024-10-25;10:05:21.012000
10;card;25.96;Americano;Morning;Sat;Oct;6;10;2024-10-26;10:24:38.301000
8;card;25.96;Americano;Morning;Mon;Oct;1;10;2024-10-28;08:01:12.299000
12;card;25.96;Americano;Afternoon;Wed;Oct;3;10;2024-10-30;12:09:46.789000
12;card;25.96;Americano;Afternoon;Wed;Oct;3;10;2024-10-30;12:37:00.765000
8;card;25.96;Americano;Morning;Fri;Nov;5;11;2024-11-01;08:30:57.642000
18;card;25.96;Americano;Night;Sat;Nov;6;11;2024-11-02;18:58:23.522000
13;card;25.96;Americano;Afternoon;Sun;Nov;7;11;2024-11-03;13:44:18.516000
16;card;25.96;Americano;Afternoon;Sun;Nov;7;11;2024-11-03;16:20:37.116000
16;card;25.96;Americano;Afternoon;Sun;Nov;7;11;2024-11-03;16:21:46.055000
12;card;25.96;Americano;Afternoon;Mon;Nov;1;11;2024-11-04;12:33:35.786000
13;card;25.96;Americano;Afternoon;Wed;Nov;3;11;2024-11-06;13:15:32.862000
15;card;25.96;Americano;Afternoon;Thu;Nov;4;11;2024-11-07;15:50:10.558000
16;card;25.96;Americano;Afternoon;Thu;Nov;4;11;2024-11-07;16:39:39.407000
9;card;25.96;Americano;Morning;Fri;Nov;5;11;2024-11-08;09:47:30.900000
9;card;25.96;Americano;Morning;Fri;Nov;5;11;2024-11-08;09:48:59.733000
14;card;25.96;Americano;Afternoon;Sat;Nov;6;11;2024-11-09;14:37:33.151000
20;card;25.96;Americano;Night;Sat;Nov;6;11;2024-11-09;20:42:04.523000
22;card;25.96;Americano;Night;Sat;Nov;6;11;2024-11-09;22:52:58.089000
22;card;25.96;Americano;Night;Sat;Nov;6;11;2024-11-09;22:54:19.107000
9;card;25.96;Americano;Morning;Sun;Nov;7;11;2024-11-10;09:46:21.800000
10;card;25.96;Americano;Morning;Thu;Nov;4;11;2024-11-14;10:06:42.680000
15;card;25.96;Americano;Afternoon;Fri;Nov;5;11;2024-11-15;15:19:50.632000
11;card;25.96;Americano;Morning;Sat;Nov;6;11;2024-11-16;11:39:24.973000
14;card;25.96;Americano;Afternoon;Sun;Nov;7;11;2024-11-17;14:18:41.797000
11;card;25.96;Americano;Morning;Sat;Nov;6;11;2024-11-23;11:09:28.024000
11;card;25.96;Americano;Morning;Sat;Nov;6;11;2024-11-23;11:10:25.846000
11;card;25.96;Americano;Morning;Tue;Nov;2;11;2024-11-26;11:03:47.275000
17;card;25.96;Americano;Night;Tue;Nov;2;11;2024-11-26;17:11:37.726000
14;card;25.96;Americano;Afternoon;Sat;Nov;6;11;2024-11-30;14:04:55.814000
7;card;25.96;Americano;Morning;Mon;Dec;1;12;2024-12-02;07:51:59.373000
17;card;25.96;Americano;Night;Mon;Dec;1;12;2024-12-02;17:34:21.695000
11;card;25.96;Americano;Morning;Tue;Dec;2;12;2024-12-03;11:17:58.416000
9;card;25.96;Americano;Morning;Wed;Dec;3;12;2024-12-04;09:04:14.145000
8;card;25.96;Americano;Morning;Thu;Dec;4;12;2024-12-05;08:53:48.287000
11;card;25.96;Americano;Morning;Thu;Dec;4;12;2024-12-05;11:50:44.557000
14;card;25.96;Americano;Afternoon;Sat;Dec;6;12;2024-12-07;14:16:42.893000
22;card;25.96;Americano;Night;Sat;Dec;6;12;2024-12-07;22:28:17.088000
9;card;25.96;Americano;Morning;Mon;Dec;1;12;2024-12-09;09:12:25.172000
12;card;25.96;Americano;Afternoon;Thu;Dec;4;12;2024-12-12;12:49:23.672000
16;card;25.96;Americano;Afternoon;Thu;Dec;4;12;2024-12-12;16:57:01.116000
12;card;25.96;Americano;Afternoon;Fri;Dec;5;12;2024-12-13;12:27:25.453000
12;card;25.96;Americano;Afternoon;Fri;Dec;5;12;2024-12-13;12:53:05.572000
13;card;25.96;Americano;Afternoon;Sat;Dec;6;12;2024-12-14;13:19:07.033000
16;card;25.96;Americano;Afternoon;Sat;Dec;6;12;2024-12-14;16:29:58.935000
16;card;25.96;Americano;Afternoon;Sat;Dec;6;12;2024-12-14;16:30:49.780000
17;card;25.96;Americano;Night;Sat;Dec;6;12;2024-12-14;17:00:15.899000
17;card;25.96;Americano;Night;Sat;Dec;6;12;2024-12-14;17:01:29.185000
16;card;25.96;Americano;Afternoon;Tue;Dec;2;12;2024-12-17;16:22:35.059000
10;card;25.96;Americano;Morning;Sat;Dec;6;12;2024-12-21;10:32:02.796000
12;card;25.96;Americano;Afternoon;Wed;Dec;3;12;2024-12-25;12:36:00.079000
13;card;25.96;Americano;Afternoon;Wed;Dec;3;12;2024-12-25;13:32:47.545000
7;card;25.96;Americano;Morning;Fri;Dec;5;12;2024-12-27;07:50:20.711000
19;card;25.96;Americano;Night;Fri;Dec;5;12;2024-12-27;19:47:27.855000
15;card;25.96;Americano;Afternoon;Sun;Dec;7;12;2024-12-29;15:05:16.323000
16;card;25.96;Americano;Afternoon;Mon;Dec;1;12;2024-12-30;16:31:28.727000
15;card;25.96;Americano;Afternoon;Tue;Dec;2;12;2024-12-31;15:43:13.300000
16;card;25.96;Americano;Afternoon;Thu;Jan;4;1;2025-01-02;16:22:32.387000
22;card;25.96;Americano;Night;Fri;Jan;5;1;2025-01-03;22:18:20.359000
22;card;25.96;Americano;Night;Fri;Jan;5;1;2025-01-03;22:19:14.354000
9;card;25.96;Americano;Morning;Sat;Jan;6;1;2025-01-04;09:59:27.784000
18;card;25.96;Americano;Night;Sat;Jan;6;1;2025-01-04;18:11:39.258000
19;card;25.96;Americano;Night;Mon;Jan;1;1;2025-01-06;19:58:50.688000
8;card;25.96;Americano;Morning;Thu;Jan;4;1;2025-01-09;08:07:07.584000
11;card;25.96;Americano;Morning;Sat;Jan;6;1;2025-01-11;11:13:53.866000
11;card;25.96;Americano;Morning;Sun;Jan;7;1;2025-01-12;11:48:18.729000
11;card;25.96;Americano;Morning;Wed;Jan;3;1;2025-01-15;11:10:23.705000
12;card;25.96;Americano;Afternoon;Mon;Jan;1;1;2025-01-20;12:04:49.880000
15;card;25.96;Americano;Afternoon;Tue;Jan;2;1;2025-01-21;15:35:16.518000
19;card;25.96;Americano;Night;Tue;Jan;2;1;2025-01-21;19:15:21.123000
17;card;25.96;Americano;Night;Fri;Jan;5;1;2025-01-24;17:41:49.306000
14;card;25.96;Americano;Afternoon;Sat;Jan;6;1;2025-01-25;14:39:35.084000
12;card;25.96;Americano;Afternoon;Sun;Jan;7;1;2025-01-26;12:35:22.994000
8;card;25.96;Americano;Morning;Mon;Jan;1;1;2025-01-27;08:32:43.550000
9;card;25.96;Americano;Morning;Tue;Jan;2;1;2025-01-28;09:33:17.106000
12;card;25.96;Americano;Afternoon;Tue;Jan;2;1;2025-01-28;12:22:01.233000
17;card;25.96;Americano;Night;Tue;Jan;2;1;2025-01-28;17:40:00.932000
9;card;25.96;Americano;Morning;Wed;Jan;3;1;2025-01-29;09:38:47.162000
16;card;25.96;Americano;Afternoon;Wed;Jan;3;1;2025-01-29;16:25:36.760000
13;card;25.96;Americano;Afternoon;Thu;Jan;4;1;2025-01-30;13:02:00.748000
8;card;25.96;Americano;Morning;Fri;Jan;5;1;2025-01-31;08:40:51.449000
22;card;25.96;Americano;Night;Fri;Jan;5;1;2025-01-31;22:37:02.031000
10;card;25.96;Americano;Morning;Mon;Feb;1;2;2025-02-03;10:15:38.570000
13;card;25.96;Americano;Afternoon;Mon;Feb;1;2;2025-02-03;13:51:03.281000
14;card;25.96;Americano;Afternoon;Mon;Feb;1;2;2025-02-03;14:06:36.519000
15;card;25.96;Americano;Afternoon;Mon;Feb;1;2;2025-02-03;15:41:27.205000
18;card;25.96;Americano;Night;Mon;Feb;1;2;2025-02-03;18:09:00.486000
10;card;25.96;Americano;Morning;Tue;Feb;2;2;2025-02-04;10:11:31.338000
14;card;25.96;Americano;Afternoon;Tue;Feb;2;2;2025-02-04;14:15:14.010000
14;card;25.96;Americano;Afternoon;Tue;Feb;2;2;2025-02-04;14:19:48.544000
11;card;25.96;Americano;Morning;Wed;Feb;3;2;2025-02-05;11:49:35.788000
11;card;25.96;Americano;Morning;Wed;Feb;3;2;2025-02-05;11:50:41.585000
11;card;25.96;Americano;Morning;Wed;Feb;3;2;2025-02-05;11:51:45.385000
12;card;25.96;Americano;Afternoon;Wed;Feb;3;2;2025-02-05;12:10:46.876000
13;card;25.96;Americano;Afternoon;Wed;Feb;3;2;2025-02-05;13:20:46.169000
13;card;25.96;Americano;Afternoon;Thu;Feb;4;2;2025-02-06;13:59:21.456000
10;card;25.96;Americano;Morning;Fri;Feb;5;2;2025-02-07;10:49:23.202000
12;card;25.96;Americano;Afternoon;Fri;Feb;5;2;2025-02-07;12:58:51.777000
9;card;25.96;Americano;Morning;Sat;Feb;6;2;2025-02-08;09:01:42.933000
11;card;25.96;Americano;Morning;Sat;Feb;6;2;2025-02-08;11:39:33.882000
12;card;25.96;Americano;Afternoon;Sat;Feb;6;2;2025-02-08;12:46:12.840000
13;card;25.96;Americano;Afternoon;Sat;Feb;6;2;2025-02-08;13:26:47.588000
15;card;25.96;Americano;Afternoon;Sat;Feb;6;2;2025-02-08;15:07:04.164000
15;card;25.96;Americano;Afternoon;Sat;Feb;6;2;2025-02-08;15:08:09.210000
10;card;25.96;Americano;Morning;Sun;Feb;7;2;2025-02-09;10:51:28.019000
7;card;25.96;Americano;Morning;Mon;Feb;1;2;2025-02-10;07:01:46.579000
8;card;25.96;Americano;Morning;Mon;Feb;1;2;2025-02-10;08:16:32.125000
8;card;25.96;Americano;Morning;Mon;Feb;1;2;2025-02-10;08:24:56.389000
13;card;25.96;Americano;Afternoon;Mon;Feb;1;2;2025-02-10;13:08:50.162000
13;card;25.96;Americano;Afternoon;Mon;Feb;1;2;2025-02-10;13:40:13.329000
14;card;25.96;Americano;Afternoon;Mon;Feb;1;2;2025-02-10;14:07:41.358000
17;card;25.96;Americano;Night;Mon;Feb;1;2;2025-02-10;17:12:02.356000
10;card;25.96;Americano;Morning;Tue;Feb;2;2;2025-02-11;10:38:26.035000
11;card;25.96;Americano;Morning;Tue;Feb;2;2;2025-02-11;11:19:15.478000
17;card;25.96;Americano;Night;Tue;Feb;2;2;2025-02-11;17:50:40.426000
7;card;25.96;Americano;Morning;Wed;Feb;3;2;2025-02-12;07:35:37.551000
10;card;25.96;Americano;Morning;Wed;Feb;3;2;2025-02-12;10:43:13.475000
12;card;25.96;Americano;Afternoon;Wed;Feb;3;2;2025-02-12;12:43:29.084000
13;card;25.96;Americano;Afternoon;Wed;Feb;3;2;2025-02-12;13:08:09.325000
16;card;25.96;Americano;Afternoon;Wed;Feb;3;2;2025-02-12;16:12:58.376000
16;card;25.96;Americano;Afternoon;Wed;Feb;3;2;2025-02-12;16:26:08.533000
17;card;25.96;Americano;Night;Wed;Feb;3;2;2025-02-12;17:42:51.484000
8;card;25.96;Americano;Morning;Thu;Feb;4;2;2025-02-13;08:45:57.062000
16;card;25.96;Americano;Afternoon;Thu;Feb;4;2;2025-02-13;16:30:39.247000
16;card;25.96;Americano;Afternoon;Thu;Feb;4;2;2025-02-13;16:31:33.722000
11;card;25.96;Americano;Morning;Fri;Feb;5;2;2025-02-14;11:38:55.705000
14;card;25.96;Americano;Afternoon;Fri;Feb;5;2;2025-02-14;14:45:59.806000
17;card;25.96;Americano;Night;Fri;Feb;5;2;2025-02-14;17:03:16.068000
21;card;25.96;Americano;Night;Fri;Feb;5;2;2025-02-14;21:18:29.956000
12;card;25.96;Americano;Afternoon;Sat;Feb;6;2;2025-02-15;12:44:26.571000
14;card;25.96;Americano;Afternoon;Sat;Feb;6;2;2025-02-15;14:11:53.922000
10;card;25.96;Americano;Morning;Sun;Feb;7;2;2025-02-16;10:46:43.223000
10;card;25.96;Americano;Morning;Sun;Feb;7;2;2025-02-16;10:50:00.616000
11;card;25.96;Americano;Morning;Sun;Feb;7;2;2025-02-16;11:32:29.055000
8;card;25.96;Americano;Morning;Mon;Feb;1;2;2025-02-17;08:53:13.808000
9;card;25.96;Americano;Morning;Mon;Feb;1;2;2025-02-17;09:00:55.147000
10;card;25.96;Americano;Morning;Mon;Feb;1;2;2025-02-17;10:44:48.005000
16;card;25.96;Americano;Afternoon;Mon;Feb;1;2;2025-02-17;16:22:42.001000
18;card;25.96;Americano;Night;Mon;Feb;1;2;2025-02-17;18:23:52.638000
19;card;25.96;Americano;Night;Mon;Feb;1;2;2025-02-17;19:13:51.838000
19;card;25.96;Americano;Night;Mon;Feb;1;2;2025-02-17;19:15:00.877000
8;card;25.96;Americano;Morning;Tue;Feb;2;2;2025-02-18;08:53:08.743000
8;card;25.96;Americano;Morning;Tue;Feb;2;2;2025-02-18;08:54:14.493000
11;card;25.96;Americano;Morning;Tue;Feb;2;2;2025-02-18;11:07:35.321000
11;card;25.96;Americano;Morning;Tue;Feb;2;2;2025-02-18;11:30:06.156000
13;card;25.96;Americano;Afternoon;Tue;Feb;2;2;2025-02-18;13:25:45.108000
8;card;25.96;Americano;Morning;Wed;Feb;3;2;2025-02-19;08:09:54.081000
8;card;25.96;Americano;Morning;Wed;Feb;3;2;2025-02-19;08:47:32.785000
10;card;25.96;Americano;Morning;Wed;Feb;3;2;2025-02-19;10:09:51.001000
12;card;25.96;Americano;Afternoon;Wed;Feb;3;2;2025-02-19;12:45:06.072000
13;card;25.96;Americano;Afternoon;Wed;Feb;3;2;2025-02-19;13:06:54.382000
17;card;25.96;Americano;Night;Wed;Feb;3;2;2025-02-19;17:04:00.258000
9;card;25.96;Americano;Morning;Thu;Feb;4;2;2025-02-20;09:17:53.311000
10;card;25.96;Americano;Morning;Thu;Feb;4;2;2025-02-20;10:17:38.671000
10;card;25.96;Americano;Morning;Thu;Feb;4;2;2025-02-20;10:20:24.946000
10;card;25.96;Americano;Morning;Thu;Feb;4;2;2025-02-20;10:24:23.547000
14;card;25.96;Americano;Afternoon;Thu;Feb;4;2;2025-02-20;14:37:59.781000
14;card;25.96;Americano;Afternoon;Thu;Feb;4;2;2025-02-20;14:38:49.319000
17;card;25.96;Americano;Night;Thu;Feb;4;2;2025-02-20;17:07:27.986000
18;card;25.96;Americano;Night;Thu;Feb;4;2;2025-02-20;18:57:34.629000
6;card;25.96;Americano;Morning;Fri;Feb;5;2;2025-02-21;06:59:08.408000
10;card;25.96;Americano;Morning;Fri;Feb;5;2;2025-02-21;10:18:10.978000
12;card;25.96;Americano;Afternoon;Fri;Feb;5;2;2025-02-21;12:04:49.232000
12;card;25.96;Americano;Afternoon;Fri;Feb;5;2;2025-02-21;12:07:42.766000
12;card;25.96;Americano;Afternoon;Fri;Feb;5;2;2025-02-21;12:56:17.998000
12;card;25.96;Americano;Afternoon;Fri;Feb;5;2;2025-02-21;12:57:02.860000
13;card;25.96;Americano;Afternoon;Fri;Feb;5;2;2025-02-21;13:06:42.927000
14;card;25.96;Americano;Afternoon;Fri;Feb;5;2;2025-02-21;14:17:54.803000
15;card;25.96;Americano;Afternoon;Fri;Feb;5;2;2025-02-21;15:45:54.235000
15;card;25.96;Americano;Afternoon;Fri;Feb;5;2;2025-02-21;15:46:48.335000
15;card;25.96;Americano;Afternoon;Fri;Feb;5;2;2025-02-21;15:52:48.020000
11;card;25.96;Americano;Morning;Sat;Feb;6;2;2025-02-22;11:28:30.453000
11;card;25.96;Americano;Morning;Sat;Feb;6;2;2025-02-22;11:41:12.848000
17;card;25.96;Americano;Night;Sun;Feb;7;2;2025-02-23;17:27:44.922000
10;card;25.96;Americano;Morning;Mon;Feb;1;2;2025-02-24;10:02:48.501000
16;card;25.96;Americano;Afternoon;Mon;Feb;1;2;2025-02-24;16:59:38.528000
17;card;25.96;Americano;Night;Mon;Feb;1;2;2025-02-24;17:00:44.935000
8;card;25.96;Americano;Morning;Tue;Feb;2;2;2025-02-25;08:49:21.068000
11;card;25.96;Americano;Morning;Tue;Feb;2;2;2025-02-25;11:03:33.850000
11;card;25.96;Americano;Morning;Tue;Feb;2;2;2025-02-25;11:04:26.917000
16;card;25.96;Americano;Afternoon;Tue;Feb;2;2;2025-02-25;16:49:37.395000
16;card;25.96;Americano;Afternoon;Tue;Feb;2;2;2025-02-25;16:50:35.811000
8;card;25.96;Americano;Morning;Wed;Feb;3;2;2025-02-26;08:57:37.237000
15;card;25.96;Americano;Afternoon;Wed;Feb;3;2;2025-02-26;15:01:58.636000
15;card;25.96;Americano;Afternoon;Wed;Feb;3;2;2025-02-26;15:14:47.989000
15;card;25.96;Americano;Afternoon;Wed;Feb;3;2;2025-02-26;15:20:48.805000
15;card;25.96;Americano;Afternoon;Wed;Feb;3;2;2025-02-26;15:28:45.256000
14;card;25.96;Americano;Afternoon;Thu;Feb;4;2;2025-02-27;14:23:16.499000
15;card;25.96;Americano;Afternoon;Thu;Feb;4;2;2025-02-27;15:47:50.692000
16;card;25.96;Americano;Afternoon;Thu;Feb;4;2;2025-02-27;16:28:28.103000
17;card;25.96;Americano;Night;Thu;Feb;4;2;2025-02-27;17:12:55.999000
17;card;25.96;Americano;Night;Thu;Feb;4;2;2025-02-27;17:23:10.042000
14;card;25.96;Americano;Afternoon;Fri;Feb;5;2;2025-02-28;14:44:28.113000
14;card;25.96;Americano;Afternoon;Fri;Feb;5;2;2025-02-28;14:45:22.024000
14;card;25.96;Americano;Afternoon;Fri;Feb;5;2;2025-02-28;14:47:52.342000
15;card;25.96;Americano;Afternoon;Fri;Feb;5;2;2025-02-28;15:19:18.675000
16;card;25.96;Americano;Afternoon;Fri;Feb;5;2;2025-02-28;16:30:06.695000
17;card;25.96;Americano;Night;Fri;Feb;5;2;2025-02-28;17:32:16.632000
17;card;25.96;Americano;Night;Fri;Feb;5;2;2025-02-28;17:33:49.148000
11;card;25.96;Americano;Morning;Sat;Mar;6;3;2025-03-01;11:24:04.507000
11;card;25.96;Americano;Morning;Sat;Mar;6;3;2025-03-01;11:27:58.402000
15;card;25.96;Americano;Afternoon;Sat;Mar;6;3;2025-03-01;15:02:31.500000
17;card;25.96;Americano;Night;Sat;Mar;6;3;2025-03-01;17:08:33.502000
15;card;25.96;Americano;Afternoon;Sun;Mar;7;3;2025-03-02;15:23:15.736000
15;card;25.96;Americano;Afternoon;Sun;Mar;7;3;2025-03-02;15:24:45.231000
15;card;25.96;Americano;Afternoon;Mon;Mar;1;3;2025-03-03;15:47:58.817000
16;card;25.96;Americano;Afternoon;Mon;Mar;1;3;2025-03-03;16:52:11.629000
17;card;25.96;Americano;Night;Mon;Mar;1;3;2025-03-03;17:31:22.380000
17;card;25.96;Americano;Night;Mon;Mar;1;3;2025-03-03;17:32:58.753000
7;card;25.96;Americano;Morning;Tue;Mar;2;3;2025-03-04;07:31:55.409000
9;card;25.96;Americano;Morning;Tue;Mar;2;3;2025-03-04;09:09:31.929000
9;card;25.96;Americano;Morning;Tue;Mar;2;3;2025-03-04;09:10:22.201000
9;card;25.96;Americano;Morning;Tue;Mar;2;3;2025-03-04;09:58:37.168000
11;card;25.96;Americano;Morning;Tue;Mar;2;3;2025-03-04;11:05:06.974000
11;card;25.96;Americano;Morning;Tue;Mar;2;3;2025-03-04;11:46:41.064000
11;card;25.96;Americano;Morning;Tue;Mar;2;3;2025-03-04;11:47:24.511000
11;card;25.96;Americano;Morning;Tue;Mar;2;3;2025-03-04;11:51:34.795000
16;card;25.96;Americano;Afternoon;Tue;Mar;2;3;2025-03-04;16:48:58.420000
9;card;25.96;Americano;Morning;Wed;Mar;3;3;2025-03-05;09:38:24.258000
10;card;25.96;Americano;Morning;Wed;Mar;3;3;2025-03-05;10:01:14.296000
10;card;25.96;Americano;Morning;Wed;Mar;3;3;2025-03-05;10:02:04.297000
11;card;25.96;Americano;Morning;Wed;Mar;3;3;2025-03-05;11:38:51.182000
11;card;25.96;Americano;Morning;Wed;Mar;3;3;2025-03-05;11:41:22.429000
12;card;25.96;Americano;Afternoon;Wed;Mar;3;3;2025-03-05;12:12:56.269000
10;card;25.96;Americano;Morning;Thu;Mar;4;3;2025-03-06;10:56:47.365000
10;card;25.96;Americano;Morning;Thu;Mar;4;3;2025-03-06;10:57:35.031000
11;card;25.96;Americano;Morning;Thu;Mar;4;3;2025-03-06;11:05:43.624000
8;card;25.96;Americano;Morning;Fri;Mar;5;3;2025-03-07;08:45:10.887000
8;card;25.96;Americano;Morning;Fri;Mar;5;3;2025-03-07;08:46:03.828000
9;card;25.96;Americano;Morning;Fri;Mar;5;3;2025-03-07;09:02:40.792000
13;card;25.96;Americano;Afternoon;Fri;Mar;5;3;2025-03-07;13:55:31.605000
10;card;25.96;Americano;Morning;Sat;Mar;6;3;2025-03-08;10:54:13.634000
11;card;25.96;Americano;Morning;Sat;Mar;6;3;2025-03-08;11:19:45.578000
11;card;25.96;Americano;Morning;Sat;Mar;6;3;2025-03-08;11:20:32.377000
12;card;25.96;Americano;Afternoon;Sat;Mar;6;3;2025-03-08;12:45:05.337000
14;card;25.96;Americano;Afternoon;Sun;Mar;7;3;2025-03-09;14:18:30.062000
15;card;25.96;Americano;Afternoon;Sun;Mar;7;3;2025-03-09;15:39:07.132000
8;card;25.96;Americano;Morning;Mon;Mar;1;3;2025-03-10;08:34:43.483000
12;card;25.96;Americano;Afternoon;Mon;Mar;1;3;2025-03-10;12:36:14.796000
15;card;25.96;Americano;Afternoon;Mon;Mar;1;3;2025-03-10;15:32:09.477000
18;card;25.96;Americano;Night;Mon;Mar;1;3;2025-03-10;18:15:54.241000
8;card;25.96;Americano;Morning;Tue;Mar;2;3;2025-03-11;08:46:25.572000
10;card;25.96;Americano;Morning;Tue;Mar;2;3;2025-03-11;10:26:57.814000
12;card;25.96;Americano;Afternoon;Tue;Mar;2;3;2025-03-11;12:33:20.355000
13;card;25.96;Americano;Afternoon;Tue;Mar;2;3;2025-03-11;13:16:54.690000
11;card;25.96;Americano;Morning;Wed;Mar;3;3;2025-03-12;11:55:55.859000
11;card;25.96;Americano;Morning;Wed;Mar;3;3;2025-03-12;11:56:48.899000
12;card;25.96;Americano;Afternoon;Wed;Mar;3;3;2025-03-12;12:06:11.058000
18;card;25.96;Americano;Night;Wed;Mar;3;3;2025-03-12;18:10:34.209000
18;card;25.96;Americano;Night;Wed;Mar;3;3;2025-03-12;18:24:40.491000
18;card;25.96;Americano;Night;Wed;Mar;3;3;2025-03-12;18:42:13.656000
9;card;25.96;Americano;Morning;Thu;Mar;4;3;2025-03-13;09:38:19.627000
11;card;25.96;Americano;Morning;Thu;Mar;4;3;2025-03-13;11:18:02.309000
14;card;25.96;Americano;Afternoon;Thu;Mar;4;3;2025-03-13;14:55:31.554000
7;card;25.96;Americano;Morning;Fri;Mar;5;3;2025-03-14;07:55:05.952000
8;card;25.96;Americano;Morning;Fri;Mar;5;3;2025-03-14;08:59:26.828000
9;card;25.96;Americano;Morning;Fri;Mar;5;3;2025-03-14;09:28:37.201000
10;card;25.96;Americano;Morning;Fri;Mar;5;3;2025-03-14;10:20:51.345000
14;card;25.96;Americano;Afternoon;Fri;Mar;5;3;2025-03-14;14:35:17.282000
16;card;25.96;Americano;Afternoon;Fri;Mar;5;3;2025-03-14;16:27:04.016000
17;card;25.96;Americano;Night;Fri;Mar;5;3;2025-03-14;17:05:24.113000
17;card;25.96;Americano;Night;Fri;Mar;5;3;2025-03-14;17:22:14.665000
20;card;25.96;Americano;Night;Fri;Mar;5;3;2025-03-14;20:20:22.022000
21;card;25.96;Americano;Night;Fri;Mar;5;3;2025-03-14;21:40:43.586000
13;card;25.96;Americano;Afternoon;Sat;Mar;6;3;2025-03-15;13:55:41.953000
14;card;25.96;Americano;Afternoon;Sun;Mar;7;3;2025-03-16;14:22:42.633000
6;card;25.96;Americano;Morning;Mon;Mar;1;3;2025-03-17;06:54:40.633000
8;card;25.96;Americano;Morning;Mon;Mar;1;3;2025-03-17;08:09:50.056000
8;card;25.96;Americano;Morning;Mon;Mar;1;3;2025-03-17;08:18:02.658000
10;card;25.96;Americano;Morning;Mon;Mar;1;3;2025-03-17;10:32:39.537000
13;card;25.96;Americano;Afternoon;Mon;Mar;1;3;2025-03-17;13:59:00.995000
16;card;25.96;Americano;Afternoon;Mon;Mar;1;3;2025-03-17;16:46:44.575000
10;card;25.96;Americano;Morning;Tue;Mar;2;3;2025-03-18;10:51:17.714000
15;card;25.96;Americano;Afternoon;Tue;Mar;2;3;2025-03-18;15:03:53.426000
16;card;25.96;Americano;Afternoon;Tue;Mar;2;3;2025-03-18;16:09:07.577000
7;card;25.96;Americano;Morning;Wed;Mar;3;3;2025-03-19;07:03:07.073000
7;card;25.96;Americano;Morning;Wed;Mar;3;3;2025-03-19;07:04:08.618000
8;card;25.96;Americano;Morning;Wed;Mar;3;3;2025-03-19;08:03:18.296000
11;card;25.96;Americano;Morning;Wed;Mar;3;3;2025-03-19;11:55:39.825000
12;card;25.96;Americano;Afternoon;Wed;Mar;3;3;2025-03-19;12:58:27.177000
16;card;25.96;Americano;Afternoon;Wed;Mar;3;3;2025-03-19;16:29:56.276000
16;card;25.96;Americano;Afternoon;Wed;Mar;3;3;2025-03-19;16:51:35.154000
16;card;25.96;Americano;Afternoon;Wed;Mar;3;3;2025-03-19;16:52:29.653000
10;card;25.96;Americano;Morning;Thu;Mar;4;3;2025-03-20;10:45:44.187000
10;card;25.96;Americano;Morning;Thu;Mar;4;3;2025-03-20;10:55:17.442000
12;card;25.96;Americano;Afternoon;Thu;Mar;4;3;2025-03-20;12:48:24.389000
14;card;25.96;Americano;Afternoon;Thu;Mar;4;3;2025-03-20;14:04:43.871000
14;card;25.96;Americano;Afternoon;Thu;Mar;4;3;2025-03-20;14:20:37.878000
15;card;25.96;Americano;Afternoon;Thu;Mar;4;3;2025-03-20;15:05:22.395000
15;card;25.96;Americano;Afternoon;Thu;Mar;4;3;2025-03-20;15:21:51.822000
17;card;25.96;Americano;Night;Thu;Mar;4;3;2025-03-20;17:23:51.421000
8;card;25.96;Americano;Morning;Fri;Mar;5;3;2025-03-21;08:16:43.719000
8;card;25.96;Americano;Morning;Fri;Mar;5;3;2025-03-21;08:28:36.520000
8;card;25.96;Americano;Morning;Fri;Mar;5;3;2025-03-21;08:29:20.898000
11;card;25.96;Americano;Morning;Fri;Mar;5;3;2025-03-21;11:50:09.303000
13;card;25.96;Americano;Afternoon;Fri;Mar;5;3;2025-03-21;13:02:48.347000
15;card;25.96;Americano;Afternoon;Fri;Mar;5;3;2025-03-21;15:24:42.515000
18;card;25.96;Americano;Night;Fri;Mar;5;3;2025-03-21;18:59:24.271000
12;card;25.96;Americano;Afternoon;Sat;Mar;6;3;2025-03-22;12:25:59.676000
13;card;25.96;Americano;Afternoon;Sat;Mar;6;3;2025-03-22;13:06:21.590000
15;card;25.96;Americano;Afternoon;Sun;Mar;7;3;2025-03-23;15:47:28.723000
